"TOKEN";"REFTEXT"
"1";"Oleksandr"
"2";"Volodymyr"
"3";"Andrii"
"4";"Dmytro"
"5";"Serhii"
"6";"Ivan"
"7";"Yurii"
"8";"Mykhailo"
"9";"Oleh"
"10";"Vasyl"
"11";"Artem"
"12";"Bohdan"
"13";"Roman"
"14";"Stepan"
"15";"Ihor"
"16";"Taras"
"17";"Denys"
"18";"Vitalii"
"19";"Kyrylo"
"20";"Petro"
"21";"Matviy"
"22";"Maksym"
"23";"Oleksiy"
"24";"Davyd"
"25";"Marko"
"26";"Stanislav"
"27";"Timofiy"
"28";"Vladyslav"
"29";"Anton"
"30";"Pavlo"
"31";"Kostiantyn"
"32";"Symon"
"33";"Valeriy"
"34";"Mykola"
"35";"Borys"
"36";"Pylyp"
"37";"Sergiy"
"38";"Demian"
"39";"Arkadiy"
"40";"Lyaksandro"
"41";"Mykyta"
"42";"Faddei"
"43";"Hadeon"
"44";"Borysko"
"45";"Grygoriy"
"46";"Orest"
"47";"Yevhen"
"48";"Leonid"
"49";"Ruslan"
"50";"Mykyta"